"date","year","month","day","x.pos","y.pos","code","death","response"
"22/02/2000",2000,2,22,487500.000161284,-2067499.94328692,"Unk",1,1
"22/02/2000",2000,2,22,552499.998178278,-2122499.94194555,"Unk",1,1
"22/02/2000",2000,2,22,589952.665711591,-2135734.77031721,"Unk",0,0
"22/02/2000",2000,2,22,641502.576234021,-2119849.38764456,"Unk",0,0
"22/02/2000",2000,2,22,571541.983382152,-2078337.58575471,"Unk",0,0
"22/02/2000",2000,2,22,484174.927236994,-2143227.87535148,"Unk",0,0
"17/03/2000",2000,3,17,647499.993800141,-2137499.94190957,"ANS",1,1
"17/03/2000",2000,3,17,540411.193261463,-2089876.96750749,"ANS",0,0
"17/03/2000",2000,3,17,485513.885951863,-2129890.14839048,"ANS",0,0
"23/03/2000",2000,3,23,557499.997463933,-2042499.9439578,"DES",1,1
"23/03/2000",2000,3,23,731212.810130197,-2039823.02587857,"DES",0,0
"23/03/2000",2000,3,23,707446.292941285,-2107710.55748904,"DES",0,0
"25/03/2000",2000,3,25,607499.995610847,-2042499.94387319,"POA",1,1
"25/03/2000",2000,3,25,451705.178401438,-2145475.80686176,"POA",0,0
"25/03/2000",2000,3,25,516644.676072551,-2112955.73101303,"POA",0,0
"20/05/2000",2000,5,20,602499.995213179,-2122499.94260761,"DES",1,1
"20/05/2000",2000,5,20,580245.215028796,-2034727.71445527,"DES",0,0
"20/05/2000",2000,5,20,574889.380169322,-2078637.30995608,"DES",0,0
"07/06/2000",2000,6,7,687499.99206066,-2052499.94465101,"ANS",1,1
"07/06/2000",2000,6,7,691044.048684148,-2081934.27617116,"ANS",0,0
"07/06/2000",2000,6,7,653553.204667835,-2150870.84248643,"ANS",0,0
"24/06/2000",2000,6,24,617499.994707958,-2127499.94151339,"ANP",1,1
"24/06/2000",2000,6,24,725522.235592007,-2145026.2205597,"ANP",0,0
"24/06/2000",2000,6,24,684683.994788524,-2050762.95922861,"ANP",0,0
"11/08/2000",2000,8,11,707499.991206316,-2082499.94380847,"ANP",1,1
"11/08/2000",2000,8,11,581918.913422381,-2149372.22147958,"ANP",0,0
"11/08/2000",2000,8,11,612380.224185635,-2153568.36029877,"ANP",0,0
"21/09/2000",2000,9,21,687499.992614815,-2122499.9416224,"ANP",1,1
"21/09/2000",2000,9,21,440324.029325057,-2073841.72273415,"ANP",0,0
"21/09/2000",2000,9,21,613049.703543069,-2041921.09528817,"ANP",0,0
"05/10/2000",2000,10,5,722499.990598363,-2057499.94437942,"Unk",1,1
"05/10/2000",2000,10,5,740920.260812992,-2118650.49083908,"Unk",0,0
"05/10/2000",2000,10,5,499238.212779263,-2056907.30535671,"Unk",0,0
"10/10/2000",2000,10,10,502500.000344986,-2072499.94344109,"ANS",1,1
"10/10/2000",2000,10,10,544762.809084785,-2061702.89257864,"ANS",0,0
"10/10/2000",2000,10,10,471789.559124463,-2097370.07254175,"ANS",0,0
"11/10/2000",2000,10,11,722499.990598363,-2057499.94437942,"Unk",1,1
"11/10/2000",2000,10,11,707781.032620002,-2102015.797663,"Unk",0,0
"11/10/2000",2000,10,11,619075.017759976,-2052111.71813477,"Unk",0,0
"22/10/2000",2000,10,22,462500.001138906,-2087499.94332632,"DES",1,1
"22/10/2000",2000,10,22,701086.23904566,-2069645.58391496,"DES",0,0
"22/10/2000",2000,10,22,455387.314867326,-2057956.3400615,"DES",0,0
"25/10/2000",2000,10,25,452500.001760652,-2092499.94314912,"Unk",1,1
"25/10/2000",2000,10,25,456056.79422476,-2119549.66344319,"Unk",0,0
"25/10/2000",2000,10,25,424256.524746638,-2145176.08266039,"Unk",0,0
"06/11/2000",2000,11,6,487500.000774324,-2097499.94327656,"ANS",1,1
"06/11/2000",2000,11,6,499572.95245798,-2061253.30627658,"ANS",0,0
"06/11/2000",2000,11,6,712802.127800758,-2084781.65608418,"ANS",0,0
"10/11/2000",2000,11,10,457500.001489748,-2097499.94290239,"ANP",1,1
"10/11/2000",2000,11,10,681001.858322636,-2144426.77215696,"ANP",0,0
"10/11/2000",2000,11,10,671294.407639841,-2121797.59495347,"ANP",0,0
"23/11/2000",2000,11,23,532499.998448981,-2097499.94226546,"ANS",1,1
"23/11/2000",2000,11,23,469446.381373443,-2079986.06886225,"ANS",0,0
"23/11/2000",2000,11,23,660917.477599611,-2054359.64964505,"ANS",0,0
"15/12/2000",2000,12,15,447500.001947895,-2112499.94199906,"ANS",1,1
"15/12/2000",2000,12,15,688031.391575694,-2157165.05071522,"ANS",0,0
"15/12/2000",2000,12,15,416222.772457428,-2095272.00313216,"ANS",0,0
"19/12/2000",2000,12,19,537499.998794878,-2077499.94320197,"Unk",1,1
"19/12/2000",2000,12,19,466768.463943706,-2136484.08082063,"Unk",0,0
"19/12/2000",2000,12,19,477814.87334137,-2061403.16837727,"Unk",0,0
"09/01/2001",2001,1,9,707499.991127625,-2057499.94455454,"Unk",1,1
"09/01/2001",2001,1,9,602499.995249725,-2052499.94366753,"Unk",1,1
"09/01/2001",2001,1,9,661586.956957045,-2119100.07714113,"Unk",0,0
"09/01/2001",2001,1,9,501246.650851565,-2119699.52554387,"Unk",0,0
"09/01/2001",2001,1,9,545097.548763503,-2070394.89441839,"Unk",0,0
"09/01/2001",2001,1,9,669620.709246255,-2137083.52922338,"Unk",0,0
"16/01/2001",2001,1,16,457500.001678574,-2092499.94296839,"Unk",1,1
"16/01/2001",2001,1,16,524008.949004327,-2048814.7519197,"Unk",0,0
"16/01/2001",2001,1,16,680667.118643919,-2139930.9091364,"Unk",0,0
"18/01/2001",2001,1,18,597499.995642731,-2122499.94208369,"ANP",1,1
"18/01/2001",2001,1,18,564512.450129093,-2088528.20860132,"ANP",0,0
"18/01/2001",2001,1,18,624430.85261945,-2137533.11552543,"ANP",0,0
"23/01/2001",2001,1,23,687499.992614815,-2122499.9416224,"ANS",1,1
"23/01/2001",2001,1,23,521331.03157459,-2103964.00497191,"ANS",0,0
"23/01/2001",2001,1,23,649536.328523231,-2120598.69814799,"ANS",0,0
"26/02/2001",2001,2,26,702499.991298034,-2072499.94323547,"Unk",1,1
"26/02/2001",2001,2,26,621083.455832279,-2055708.40855122,"Unk",0,0
"26/02/2001",2001,2,26,470115.860730877,-2138881.8744316,"Unk",0,0
"10/03/2001",2001,3,10,692499.991735345,-2062499.94421473,"ANP",1,1
"10/03/2001",2001,3,10,475806.435269068,-2078787.17205677,"ANP",0,0
"10/03/2001",2001,3,10,559491.354948337,-2099767.86615272,"ANP",0,0
"23/03/2001",2001,3,23,712499.990645925,-2057499.94455497,"Unk",1,1
"23/03/2001",2001,3,23,477500.001308962,-2097499.94232533,"ANP",1,1
"23/03/2001",2001,3,23,527691.085470214,-2060803.71997453,"Unk",0,0
"23/03/2001",2001,3,23,696734.623222338,-2071144.20492182,"ANP",0,0
"23/03/2001",2001,3,23,438650.330931472,-2144127.04795559,"Unk",0,0
"23/03/2001",2001,3,23,622087.67486843,-2027084.74732032,"ANP",0,0
"27/06/2001",2001,6,27,707499.991206316,-2082499.94380847,"Unk",1,1
"27/06/2001",2001,6,27,461412.629084233,-2116252.69722811,"Unk",0,0
"27/06/2001",2001,6,27,615392.881294089,-2156565.60231247,"Unk",0,0
"02/07/2001",2001,7,2,707499.991033345,-2137499.94185671,"Unk",1,1
"02/07/2001",2001,7,2,486518.104988014,-2057356.89165876,"Unk",0,0
"02/07/2001",2001,7,2,718157.962660231,-2090926.00221228,"Unk",0,0
"15/07/2001",2001,7,15,692499.992343758,-2092499.94279163,"ANP",1,1
"15/07/2001",2001,7,15,464760.025871404,-2082533.7245739,"ANP",0,0
"15/07/2001",2001,7,15,485179.146273146,-2054809.23594711,"ANP",0,0
"30/07/2001",2001,7,30,702499.991906257,-2087499.94352307,"Unk",1,1
"30/07/2001",2001,7,30,609367.567077181,-2063051.65148481,"Unk",0,0
"30/07/2001",2001,7,30,648197.369808362,-2136633.94292132,"Unk",0,0
"17/08/2001",2001,8,17,697499.991906915,-2062499.94420429,"Unk",1,1
"17/08/2001",2001,8,17,573215.681775737,-2096171.17573627,"Unk",0,0
"17/08/2001",2001,8,17,722509.578483553,-2121497.8707521,"Unk",0,0
"20/08/2001",2001,8,20,722499.990598363,-2057499.94437942,"Unk",1,1
"20/08/2001",2001,8,20,502500.000344986,-2072499.94344109,"Unk",1,1
"20/08/2001",2001,8,20,472459.038481897,-2099618.00405204,"Unk",0,0
"20/08/2001",2001,8,20,542754.371012483,-2062602.06518275,"Unk",0,0
"20/08/2001",2001,8,20,631125.646193791,-2109508.90269727,"Unk",0,0
"20/08/2001",2001,8,20,481497.009807258,-2083582.7592787,"Unk",0,0
"03/10/2001",2001,10,3,707499.991206316,-2082499.94380847,"Unk",1,1
"03/10/2001",2001,10,3,510954.101534361,-2107410.83328767,"Unk",0,0
"03/10/2001",2001,10,3,567859.846916264,-2130040.01049116,"Unk",0,0
"06/10/2001",2001,10,6,707499.991127625,-2057499.94455454,"ANP",1,1
"06/10/2001",2001,10,6,565516.669165244,-2070994.34282113,"ANP",0,0
"06/10/2001",2001,10,6,701420.978724377,-2136783.80502201,"ANP",0,0
"09/11/2001",2001,11,9,672499.992272645,-2097499.94275972,"Unk",1,1
"09/11/2001",2001,11,9,711463.16908589,-2076838.96474786,"Unk",0,0
"09/11/2001",2001,11,9,612714.963864352,-2072193.23962661,"Unk",0,0
"19/11/2001",2001,11,19,672499.992272645,-2097499.94275972,"Unk",1,1
"19/11/2001",2001,11,19,426934.442176374,-2107560.69538836,"Unk",0,0
"19/11/2001",2001,11,19,440993.508682492,-2108160.1437911,"Unk",0,0
"22/11/2001",2001,11,22,487500.000161284,-2067499.94328692,"ANP",1,1
"22/11/2001",2001,11,22,582253.653101098,-2053010.89073889,"ANP",0,0
"22/11/2001",2001,11,22,439989.28964634,-2050313.37292655,"ANP",0,0
"06/01/2002",2002,1,6,697499.991906915,-2062499.94420429,"ANP",1,1
"06/01/2002",2002,1,6,552796.561373995,-2113255.4552144,"ANP",0,0
"06/01/2002",2002,1,6,706107.334226417,-2083432.89717802,"ANP",0,0
"20/01/2002",2002,1,20,622499.994914058,-2122499.94253423,"ANP",1,1
"20/01/2002",2002,1,20,622499.994914058,-2122499.94253423,"MIS",1,1
"20/01/2002",2002,1,20,699747.280330792,-2140830.08174051,"ANP",0,0
"20/01/2002",2002,1,20,691378.788362865,-2165557.3283536,"MIS",0,0
"20/01/2002",2002,1,20,518987.85382357,-2070245.0323177,"ANP",0,0
"20/01/2002",2002,1,20,447688.302256833,-2145325.94476107,"MIS",0,0
"28/01/2002",2002,1,28,692499.991312819,-2047499.94443274,"Unk",1,1
"28/01/2002",2002,1,28,464090.54651397,-2161511.05163509,"Unk",0,0
"28/01/2002",2002,1,28,526017.387076629,-2057207.02955808,"Unk",0,0
"14/04/2002",2002,4,14,597499.995730044,-2127499.94241077,"ANP",1,1
"14/04/2002",2002,4,14,650205.807880665,-2130789.32099459,"ANP",0,0
"14/04/2002",2002,4,14,600329.59575182,-2039223.57747583,"ANP",0,0
"28/04/2002",2002,4,28,702499.991298034,-2072499.94323547,"ANS",1,1
"28/04/2002",2002,4,28,539741.713904029,-2102165.65976369,"ANS",0,0
"28/04/2002",2002,4,28,573885.161133171,-2111906.69630824,"ANS",0,0
"20/05/2002",2002,5,20,722499.990598363,-2057499.94437942,"Unk",1,1
"20/05/2002",2002,5,20,587944.227639288,-2082084.13827185,"Unk",0,0
"20/05/2002",2002,5,20,558487.135912186,-2032929.36924705,"Unk",0,0
"16/07/2002",2002,7,16,552499.997569785,-2072499.94345875,"LPS",1,1
"16/07/2002",2002,7,16,437646.111895321,-2118200.90453702,"LPS",0,0
"16/07/2002",2002,7,16,445679.864184531,-2075640.06794238,"LPS",0,0
"19/07/2002",2002,7,19,707499.991127625,-2057499.94455454,"Unk",1,1
"19/07/2002",2002,7,19,707499.991127625,-2057499.94455454,"Unk",1,1
"19/07/2002",2002,7,19,449027.260971701,-2046866.54461079,"Unk",0,0
"19/07/2002",2002,7,19,703094.677117963,-2134236.14931035,"Unk",0,0
"19/07/2002",2002,7,19,737907.603704539,-2126143.59587334,"Unk",0,0
"19/07/2002",2002,7,19,476141.174947785,-2063201.51358549,"Unk",0,0
"09/08/2002",2002,8,9,672499.992272645,-2097499.94275972,"Unk",1,1
"09/08/2002",2002,8,9,688366.131254412,-2111007.52370412,"Unk",0,0
"09/08/2002",2002,8,9,715480.045230495,-2089277.51910475,"Unk",0,0
"26/08/2002",2002,8,26,722499.990598363,-2057499.94437942,"Unk",1,1
"26/08/2002",2002,8,26,463421.067156536,-2128841.11368568,"Unk",0,0
"26/08/2002",2002,8,26,527356.345791497,-2112805.86891235,"Unk",0,0
"05/09/2002",2002,9,5,717499.990225319,-2052499.94422309,"Unk",1,1
"05/09/2002",2002,9,5,717499.990225319,-2052499.94422309,"Unk",1,1
"05/09/2002",2002,9,5,578906.256313927,-2084182.20768144,"Unk",0,0
"05/09/2002",2002,9,5,703429.41679668,-2139331.46073366,"Unk",0,0
"05/09/2002",2002,9,5,695730.404186187,-2071294.0670225,"Unk",0,0
"05/09/2002",2002,9,5,415888.032778711,-2111307.24790549,"Unk",0,0
"06/09/2002",2002,9,6,617499.994539607,-2057499.94348962,"OA",1,1
"06/09/2002",2002,9,6,514301.498321531,-2108609.73009316,"OA",0,0
"06/09/2002",2002,9,6,518653.114144853,-2046416.95830873,"OA",0,0
"13/09/2002",2002,9,13,527499.999336212,-2057499.94450401,"Unk",1,1
"13/09/2002",2002,9,13,462751.587799102,-2068446.68710948,"Unk",0,0
"13/09/2002",2002,9,13,670290.188603689,-2122397.04335621,"Unk",0,0
"24/09/2002",2002,9,24,642499.994268863,-2117499.94215905,"ANP",1,1
"24/09/2002",2002,9,24,556478.697839883,-2053460.47704094,"ANP",0,0
"24/09/2002",2002,9,24,549449.164586824,-2123296.21596032,"ANP",0,0
"27/09/2002",2002,9,27,657499.993014921,-2112499.94207538,"Unk",1,1
"27/09/2002",2002,9,27,481162.270128541,-2128241.66528294,"Unk",0,0
"27/09/2002",2002,9,27,694391.445471319,-2161960.63793715,"Unk",0,0
"02/10/2002",2002,10,2,707499.991206316,-2082499.94380847,"Unk",1,1
"02/10/2002",2002,10,2,537398.53615301,-2129140.83788705,"Unk",0,0
"02/10/2002",2002,10,2,540745.932940181,-2128691.251585,"Unk",0,0
"09/10/2002",2002,10,9,717499.991072031,-2047499.94475659,"Unk",1,1
"09/10/2002",2002,10,9,728869.632379178,-2109359.04059658,"Unk",0,0
"09/10/2002",2002,10,9,631795.125551225,-2027983.91992443,"Unk",0,0
"10/10/2002",2002,10,10,707499.991127625,-2057499.94455454,"Unk",1,1
"10/10/2002",2002,10,10,568864.065952415,-2051811.9939334,"Unk",0,0
"10/10/2002",2002,10,10,453378.876795023,-2151320.42878849,"Unk",0,0
"20/10/2002",2002,10,20,697499.991906915,-2062499.94420429,"Unk",1,1
"20/10/2002",2002,10,20,420909.127959467,-2121647.73285278,"Unk",0,0
"20/10/2002",2002,10,20,714141.086515626,-2083133.17297664,"Unk",0,0
"24/10/2002",2002,10,24,537499.998794878,-2077499.94320197,"OA",1,1
"24/10/2002",2002,10,24,529364.7838638,-2068146.96290811,"OA",0,0
"24/10/2002",2002,10,24,550118.643944259,-2092124.89901777,"OA",0,0
"29/10/2002",2002,10,29,712499.991099651,-2077499.94330402,"Unk",1,1
"29/10/2002",2002,10,29,531707.961614819,-2042970.12999297,"Unk",0,0
"29/10/2002",2002,10,29,634473.042980962,-2150571.11828506,"Unk",0,0
"25/11/2002",2002,11,25,607499.995106528,-2117499.94171113,"STR",1,1
"25/11/2002",2002,11,25,516309.936393834,-2115653.24882537,"STR",0,0
"25/11/2002",2002,11,25,584931.570530835,-2096770.62413901,"STR",0,0
"04/12/2002",2002,12,4,462500.001138906,-2087499.94332632,"Unk",1,1
"04/12/2002",2002,12,4,524343.688683044,-2077438.4131506,"Unk",0,0
"04/12/2002",2002,12,4,585601.049888269,-2064100.6861896,"Unk",0,0
"11/12/2002",2002,12,11,592499.996218141,-2122499.94219322,"ANP",1,1
"11/12/2002",2002,12,11,608698.087719747,-2120448.8360473,"ANP",0,0
"11/12/2002",2002,12,11,742259.219527861,-2048065.44141627,"ANP",0,0
"30/12/2002",2002,12,30,707499.991127625,-2057499.94455454,"Unk",1,1
"30/12/2002",2002,12,30,662256.436314479,-2147723.73837204,"Unk",0,0
"30/12/2002",2002,12,30,483840.187558277,-2118350.76663771,"Unk",0,0
"06/02/2003",2003,2,6,432500.003351493,-2107499.94212578,"Unk",1,1
"06/02/2003",2003,2,6,567525.107237547,-2078187.72365403,"Unk",0,0
"06/02/2003",2003,2,6,705437.854868982,-2093923.24422599,"Unk",0,0
"12/02/2003",2003,2,12,447500.002662182,-2137499.94141525,"Unk",1,1
"12/02/2003",2003,2,12,446684.083220682,-2158813.53382275,"Unk",0,0
"12/02/2003",2003,2,12,563842.970771659,-2105312.76387808,"Unk",0,0
"23/07/2003",2003,7,23,592499.996502716,-2117499.94174504,"Unk",1,1
"23/07/2003",2003,7,23,689035.610611846,-2142028.97854599,"Unk",0,0
"23/07/2003",2003,7,23,698408.321615924,-2132737.5283035,"Unk",0,0
"02/08/2003",2003,8,2,702499.991468827,-2082499.94285013,"Unk",1,1
"02/08/2003",2003,8,2,556813.4375186,-2142778.28904942,"Unk",0,0
"02/08/2003",2003,8,2,528360.564827649,-2069046.13551222,"Unk",0,0
"08/08/2003",2003,8,8,447500.002662182,-2137499.94141525,"MIS",1,1
"08/08/2003",2003,8,8,485848.62563058,-2088078.62229926,"MIS",0,0
"08/08/2003",2003,8,8,687027.172539543,-2156116.01601042,"MIS",0,0
"20/08/2003",2003,8,20,642499.994495513,-2107499.9423409,"LPS",1,1
"20/08/2003",2003,8,20,503255.088923868,-2056457.71905465,"LPS",0,0
"20/08/2003",2003,8,20,687696.651896977,-2167355.67356182,"LPS",0,0
"09/09/2003",2003,9,9,567499.997453508,-2112499.94203054,"Unk",1,1
"09/09/2003",2003,9,9,532499.998448981,-2097499.94226546,"Unk",1,1
"09/09/2003",2003,9,9,532499.998448981,-2097499.94226546,"Unk",1,1
"09/09/2003",2003,9,9,416557.512136145,-2113854.90361715,"Unk",0,0
"09/09/2003",2003,9,9,735899.165632236,-2119999.24974525,"Unk",0,0
"09/09/2003",2003,9,9,732886.508523783,-2065899.03139783,"Unk",0,0
"09/09/2003",2003,9,9,594639.02121363,-2067697.37660605,"Unk",0,0
"09/09/2003",2003,9,9,726191.714949441,-2045068.19940256,"Unk",0,0
"09/09/2003",2003,9,9,697738.84225849,-2132587.66620282,"Unk",0,0
"10/09/2003",2003,9,10,652499.993061995,-2107499.94260264,"Unk",1,1
"10/09/2003",2003,9,10,707499.991206316,-2082499.94380847,"Unk",1,1
"10/09/2003",2003,9,10,502500.000120887,-2092499.94326605,"Unk",1,1
"10/09/2003",2003,9,10,507500.000163891,-2092499.94285343,"Unk",1,1
"10/09/2003",2003,9,10,567499.997657339,-2077499.94362541,"Unk",1,1
"10/09/2003",2003,9,10,627499.994903249,-2122499.94257308,"Unk",1,1
"10/09/2003",2003,9,10,532499.998448981,-2097499.94226546,"Unk",1,1
"10/09/2003",2003,9,10,693387.226435168,-2093773.38212531,"Unk",0,0
"10/09/2003",2003,9,10,488861.282739034,-2127941.94108157,"Unk",0,0
"10/09/2003",2003,9,10,536059.577438141,-2139181.59863297,"Unk",0,0
"10/09/2003",2003,9,10,452039.918080155,-2090476.41591023,"Unk",0,0
"10/09/2003",2003,9,10,604011.732217708,-2146974.42786861,"Unk",0,0
"10/09/2003",2003,9,10,538737.494867878,-2111606.97210686,"Unk",0,0
"10/09/2003",2003,9,10,692717.747077734,-2051961.85603409,"Unk",0,0
"10/09/2003",2003,9,10,592965.322820044,-2072792.68802935,"Unk",0,0
"10/09/2003",2003,9,10,419570.169244599,-2130639.45889391,"Unk",0,0
"10/09/2003",2003,9,10,627778.249406621,-2052261.58023546,"Unk",0,0
"10/09/2003",2003,9,10,734225.467238651,-2079236.75835883,"Unk",0,0
"10/09/2003",2003,9,10,552461.821695278,-2051212.54553066,"Unk",0,0
"10/09/2003",2003,9,10,484844.406594429,-2086729.86339309,"Unk",0,0
"10/09/2003",2003,9,10,636816.220731982,-2137383.25342475,"Unk",0,0
"11/09/2003",2003,9,11,707499.991613791,-2067499.94402771,"Unk",1,1
"11/09/2003",2003,9,11,707499.991127625,-2057499.94455454,"Unk",1,1
"11/09/2003",2003,9,11,702499.991458811,-2057499.94399564,"Unk",1,1
"11/09/2003",2003,9,11,702499.990889313,-2067499.9441785,"Unk",1,1
"11/09/2003",2003,9,11,702499.990889313,-2067499.9441785,"Unk",1,1
"11/09/2003",2003,9,11,697499.991884011,-2067499.9441801,"Unk",1,1
"11/09/2003",2003,9,11,717499.990626044,-2057499.94382218,"Unk",1,1
"11/09/2003",2003,9,11,717499.990626044,-2057499.94382218,"Unk",1,1
"11/09/2003",2003,9,11,527021.60611278,-2095571.72733353,"Unk",0,0
"11/09/2003",2003,9,11,480492.790771107,-2045367.92360393,"Unk",0,0
"11/09/2003",2003,9,11,616062.360651523,-2034577.85235459,"Unk",0,0
"11/09/2003",2003,9,11,647193.150772211,-2155816.29180905,"Unk",0,0
"11/09/2003",2003,9,11,503589.828602585,-2080735.37936568,"Unk",0,0
"11/09/2003",2003,9,11,630121.42715764,-2161810.77583646,"Unk",0,0
"11/09/2003",2003,9,11,502250.869887717,-2116552.42142948,"Unk",0,0
"11/09/2003",2003,9,11,445345.124505814,-2044768.47520119,"Unk",0,0
"11/09/2003",2003,9,11,631460.385872508,-2053610.33914163,"Unk",0,0
"11/09/2003",2003,9,11,729204.372057895,-2100816.90085752,"Unk",0,0
"11/09/2003",2003,9,11,717488.483302797,-2149971.66988232,"Unk",0,0
"11/09/2003",2003,9,11,541080.672618898,-2121198.14655073,"Unk",0,0
"11/09/2003",2003,9,11,523674.20932561,-2120748.56024867,"Unk",0,0
"11/09/2003",2003,9,11,706776.813583851,-2055558.54645054,"Unk",0,0
"11/09/2003",2003,9,11,739916.041776841,-2047615.85511421,"Unk",0,0
"11/09/2003",2003,9,11,677654.461535465,-2127642.2168802,"Unk",0,0
"21/09/2003",2003,9,21,702499.991468827,-2082499.94285013,"Unk",1,1
"21/09/2003",2003,9,21,724183.276877139,-2110258.2132007,"Unk",0,0
"21/09/2003",2003,9,21,441662.988039926,-2097669.79674313,"Unk",0,0
"28/09/2003",2003,9,28,702499.991897683,-2077499.94351712,"LPS",1,1
"28/09/2003",2003,9,28,716819.003945363,-2111756.83420755,"LPS",0,0
"28/09/2003",2003,9,28,536729.056795576,-2079536.4825602,"LPS",0,0
"13/10/2003",2003,10,13,682499.991932775,-2087499.94321856,"Unk",1,1
"13/10/2003",2003,10,13,656900.601455006,-2152669.18769465,"Unk",0,0
"13/10/2003",2003,10,13,530034.263221234,-2065449.44509577,"Unk",0,0
"27/12/2003",2003,12,27,652499.993688879,-2112499.94206538,"Unk",1,1
"27/12/2003",2003,12,27,676650.242499314,-2115952.97302674,"Unk",0,0
"27/12/2003",2003,12,27,635142.522338396,-2039673.16377789,"Unk",0,0
"29/07/2004",2004,7,29,457500.001489748,-2097499.94290239,"ANP",1,1
"29/07/2004",2004,7,29,491873.939847487,-2145625.66896244,"ANP",0,0
"29/07/2004",2004,7,29,649871.068201948,-2099018.55564929,"ANP",0,0
"06/08/2004",2004,8,6,532499.998448981,-2097499.94226546,"ANP",1,1
"06/08/2004",2004,8,6,508610.923783341,-2097819.65884381,"ANP",0,0
"06/08/2004",2004,8,6,494886.596955941,-2088228.48439995,"ANP",0,0
"30/08/2004",2004,8,30,627499.994903249,-2122499.94257308,"LPS",1,1
"30/08/2004",2004,8,30,663930.134708065,-2100517.17665615,"LPS",0,0
"30/08/2004",2004,8,30,706442.073905134,-2062152.47888069,"LPS",0,0
"16/10/2004",2004,10,16,442500.001970252,-2102499.94265049,"ANS",1,1
"16/10/2004",2004,10,16,530369.002899951,-2091975.03691708,"ANS",0,0
"16/10/2004",2004,10,16,477480.133662653,-2063501.23778686,"ANS",0,0
"21/10/2004",2004,10,21,712499.990645925,-2057499.94455497,"Unk",1,1
"21/10/2004",2004,10,21,712499.990645925,-2057499.94455497,"Unk",1,1
"21/10/2004",2004,10,21,702499.991458811,-2057499.94399564,"Unk",1,1
"21/10/2004",2004,10,21,697499.992070689,-2057499.94416723,"Unk",1,1
"21/10/2004",2004,10,21,463755.806835253,-2097969.5209445,"Unk",0,0
"21/10/2004",2004,10,21,489196.022417751,-2102914.97026711,"Unk",0,0
"21/10/2004",2004,10,21,603007.513181557,-2033229.09344842,"Unk",0,0
"21/10/2004",2004,10,21,647862.630129645,-2048215.30351695,"Unk",0,0
"21/10/2004",2004,10,21,674976.544105728,-2149671.94568095,"Unk",0,0
"21/10/2004",2004,10,21,596982.198964649,-2122247.18125553,"Unk",0,0
"21/10/2004",2004,10,21,683345.036073655,-2128990.97578637,"Unk",0,0
"21/10/2004",2004,10,21,558821.875590903,-2044468.75099982,"Unk",0,0
"26/10/2004",2004,10,26,699341.285518087,-2098499.27129519,"ANS",1,1
"26/10/2004",2004,10,26,702499.991458811,-2057499.94399564,"Unk",1,1
"26/10/2004",2004,10,26,711128.429407173,-2054959.0980478,"ANS",0,0
"26/10/2004",2004,10,26,533716.399687122,-2109958.48899933,"Unk",0,0
"26/10/2004",2004,10,26,564177.710450376,-2038923.85327446,"ANS",0,0
"26/10/2004",2004,10,26,554470.259767581,-2091375.58851434,"Unk",0,0
"29/10/2004",2004,10,29,442500.00243435,-2132499.94187258,"ANS",1,1
"29/10/2004",2004,10,29,458399.97197578,-2087479.17389652,"ANS",0,0
"29/10/2004",2004,10,29,491204.460490053,-2138282.42602886,"ANS",0,0
"08/11/2004",2004,11,8,667982.816225591,-2101111.3835677,"Unk",1,1
"08/11/2004",2004,11,8,495221.336634658,-2098119.38304518,"Unk",0,0
"08/11/2004",2004,11,8,497899.254064395,-2112206.42050961,"Unk",0,0
"10/11/2004",2004,11,10,662499.992879058,-2102499.94222913,"ANS",1,1
"10/11/2004",2004,11,10,642841.534948889,-2144876.35845902,"ANS",0,0
"10/11/2004",2004,11,10,473128.517839331,-2100067.59035409,"ANS",0,0
"21/11/2004",2004,11,21,711900.02055885,-2063186.72756206,"Unk",1,1
"21/11/2004",2004,11,21,700221.683571217,-2056010.81222756,"Unk",1,1
"21/11/2004",2004,11,21,703000.104039158,-2056937.06813262,"Unk",1,1
"21/11/2004",2004,11,21,711896.357622789,-2063513.28704803,"Unk",1,1
"21/11/2004",2004,11,21,459404.191011931,-2142328.70274736,"Unk",0,0
"21/11/2004",2004,11,21,638824.658804284,-2026934.88521963,"Unk",0,0
"21/11/2004",2004,11,21,562504.012056791,-2117601.45613428,"Unk",0,0
"21/11/2004",2004,11,21,490869.720811336,-2080135.93096294,"Unk",0,0
"21/11/2004",2004,11,21,469111.641694726,-2059155.23686699,"Unk",0,0
"21/11/2004",2004,11,21,579910.475350078,-2131838.35569939,"Unk",0,0
"21/11/2004",2004,11,21,641837.315912738,-2141579.39224394,"Unk",0,0
"21/11/2004",2004,11,21,635477.262017113,-2035776.74916007,"Unk",0,0
"13/01/2005",2005,1,13,694072.390372814,-2046856.22099211,"Unk",1,1
"13/01/2005",2005,1,13,641167.836555304,-2162110.50003783,"Unk",0,0
"13/01/2005",2005,1,13,618070.798723825,-2040872.06058337,"Unk",0,0
"21/01/2005",2005,1,21,667499.992629932,-2037499.94429548,"DES",1,1
"21/01/2005",2005,1,21,441997.727718643,-2065299.58299509,"DES",0,0
"21/01/2005",2005,1,21,427269.181855091,-2124944.69906786,"DES",0,0
"12/03/2005",2005,3,12,622499.994668502,-2127499.94139048,"ANP",1,1
"12/03/2005",2005,3,12,622499.994668502,-2127499.94139048,"ANP",1,1
"12/03/2005",2005,3,12,650875.287238099,-2097220.21044107,"ANP",0,0
"12/03/2005",2005,3,12,434968.194465584,-2104563.45337465,"ANP",0,0
"12/03/2005",2005,3,12,548110.205871956,-2047316.13091284,"ANP",0,0
"12/03/2005",2005,3,12,565851.408843961,-2146524.84156655,"ANP",0,0
"01/04/2005",2005,4,1,582499.996980073,-2127499.94195185,"ANS",1,1
"01/04/2005",2005,4,1,709119.99133487,-2133786.5630083,"ANS",0,0
"01/04/2005",2005,4,1,444675.645148379,-2059604.82316904,"ANS",0,0
"24/04/2005",2005,4,24,697499.992070689,-2057499.94416723,"Unk",1,1
"24/04/2005",2005,4,24,657570.08081244,-2118051.04243634,"Unk",0,0
"24/04/2005",2005,4,24,652214.245952967,-2048964.61402038,"Unk",0,0
"16/05/2005",2005,5,16,582685.520869764,-2130546.13364127,"ANS",1,1
"16/05/2005",2005,5,16,442500.00243435,-2132499.94187258,"Unk",1,1
"16/05/2005",2005,5,16,617499.994707958,-2127499.94151339,"ANP",1,1
"16/05/2005",2005,5,16,617499.994707958,-2127499.94151339,"DIS",1,1
"16/05/2005",2005,5,16,689370.350290563,-2112056.55840892,"ANS",0,0
"16/05/2005",2005,5,16,482835.968522126,-2044169.02679845,"Unk",0,0
"16/05/2005",2005,5,16,419235.429565881,-2108459.86799247,"ANP",0,0
"16/05/2005",2005,5,16,717823.222981514,-2140530.35753914,"DIS",0,0
"16/05/2005",2005,5,16,430951.318320979,-2126743.04427609,"ANS",0,0
"16/05/2005",2005,5,16,416892.251814862,-2106811.38488493,"Unk",0,0
"16/05/2005",2005,5,16,534051.139365839,-2130939.18309528,"ANP",0,0
"16/05/2005",2005,5,16,651879.50627425,-2047465.99301353,"DIS",0,0
"17/05/2005",2005,5,17,697499.992070689,-2057499.94416723,"ANS",1,1
"17/05/2005",2005,5,17,435972.413501735,-2139631.18493503,"ANS",0,0
"17/05/2005",2005,5,17,568194.586594981,-2081784.41407048,"ANS",0,0
"20/05/2005",2005,5,20,431696.867468602,-2141013.47944554,"DIS",1,1
"20/05/2005",2005,5,20,704098.896154114,-2032030.19664294,"DIS",0,0
"20/05/2005",2005,5,20,561834.532699356,-2101865.93556232,"DIS",0,0
"03/06/2005",2005,6,3,607499.995615363,-2122499.94257256,"MIS",1,1
"03/06/2005",2005,6,3,609245.935244686,-2123280.86803337,"DIS",1,1
"03/06/2005",2005,6,3,571207.243703434,-2028433.50622649,"MIS",0,0
"03/06/2005",2005,6,3,504259.307960019,-2077738.13735197,"DIS",0,0
"03/06/2005",2005,6,3,682675.556716221,-2120898.42234936,"MIS",0,0
"03/06/2005",2005,6,3,670959.667961123,-2155366.70550699,"DIS",0,0
"22/06/2005",2005,6,22,617499.994707958,-2127499.94151339,"ANP",1,1
"22/06/2005",2005,6,22,517983.634787419,-2123895.66436306,"ANP",0,0
"22/06/2005",2005,6,22,671963.886997275,-2034427.9902539,"ANP",0,0
"30/08/2005",2005,8,30,625599.467260565,-2107035.93244008,"ANS",1,1
"30/08/2005",2005,8,30,678658.680571616,-2039373.43957652,"ANS",0,0
"30/08/2005",2005,8,30,520996.291895873,-2081184.96566774,"ANS",0,0
"07/09/2005",2005,9,7,609612.069046225,-2139329.02766216,"ANP",1,1
"07/09/2005",2005,9,7,488526.543060316,-2133636.70090761,"ANP",0,0
"07/09/2005",2005,9,7,581249.434064947,-2052861.0286382,"ANP",0,0
"22/09/2005",2005,9,22,699054.156011046,-2098166.27826014,"ANS",1,1
"22/09/2005",2005,9,22,450366.21968657,-2133486.83880693,"ANS",0,0
"22/09/2005",2005,9,22,623091.893904581,-2106361.79858288,"ANS",0,0
"30/09/2005",2005,9,30,622499.994914058,-2122499.94253423,"ANP",1,1
"30/09/2005",2005,9,30,624096.112940733,-2031430.74824019,"ANP",0,0
"30/09/2005",2005,9,30,579575.735671361,-2075789.93004306,"ANP",0,0
"05/10/2005",2005,10,5,662499.992879058,-2102499.94222913,"ANP",1,1
"05/10/2005",2005,10,5,535055.35840199,-2069345.85971359,"ANP",0,0
"05/10/2005",2005,10,5,686357.693182109,-2038324.40487172,"ANP",0,0
"11/10/2005",2005,10,11,536873.490574696,-2063968.61655297,"Unk",1,1
"11/10/2005",2005,10,11,702090.458081812,-2127042.76847746,"Unk",0,0
"11/10/2005",2005,10,11,522335.250610741,-2099917.72825341,"Unk",0,0
"15/10/2005",2005,10,15,699243.619305601,-2059804.28383755,"ANP",1,1
"15/10/2005",2005,10,15,600664.335430537,-2128391.52738363,"ANP",0,0
"15/10/2005",2005,10,15,529030.044185083,-2140080.77123708,"ANP",0,0
"20/10/2005",2005,10,20,509390.021383512,-2065935.38617912,"Unk",1,1
"20/10/2005",2005,10,20,590622.145069025,-2096021.31363559,"Unk",0,0
"20/10/2005",2005,10,20,463086.327477819,-2115503.38672468,"Unk",0,0
"05/11/2005",2005,11,5,663897.214928812,-2100651.62149405,"ANP",1,1
"05/11/2005",2005,11,5,473797.997196765,-2100966.7629582,"ANP",0,0
"05/11/2005",2005,11,5,510284.622176926,-2102765.10816643,"ANP",0,0
"11/11/2005",2005,11,11,636683.613408812,-2136643.71660771,"ANP",1,1
"11/11/2005",2005,11,11,691713.528041582,-2139481.32283434,"ANP",0,0
"11/11/2005",2005,11,11,533381.660008405,-2114454.35201989,"ANP",0,0
"14/11/2005",2005,11,14,697499.991906915,-2062499.94420429,"Unk",1,1
"14/11/2005",2005,11,14,534720.618723273,-2066798.20400194,"Unk",0,0
"14/11/2005",2005,11,14,598655.897358235,-2155066.98130562,"Unk",0,0
"08/12/2005",2005,12,8,699202.65587287,-2056262.2255132,"Unk",1,1
"08/12/2005",2005,12,8,518318.374466136,-2040122.75007994,"Unk",0,0
"08/12/2005",2005,12,8,619744.497117411,-2026485.29891758,"Unk",0,0
"21/12/2005",2005,12,21,697499.992070689,-2057499.94416723,"Unk",1,1
"21/12/2005",2005,12,21,459738.930690648,-2152369.46349328,"Unk",0,0
"21/12/2005",2005,12,21,423252.305710486,-2090626.27801091,"Unk",0,0
"14/09/2006",2006,9,14,534516.042119105,-2097393.40744261,"DES",1,1
"14/09/2006",2006,9,14,453044.137116306,-2082983.31087596,"DES",0,0
"14/09/2006",2006,9,14,618405.538402542,-2150720.98038574,"DES",0,0
"23/09/2006",2006,9,23,597388.675152966,-2120790.19889744,"DES",1,1
"23/09/2006",2006,9,23,579240.995992644,-2040722.19848269,"DES",0,0
"23/09/2006",2006,9,23,736568.64498967,-2038024.68067035,"DES",0,0
"10/10/2006",2006,10,10,603332.559500927,-2044594.45502149,"DES",1,1
"10/10/2006",2006,10,10,430281.838963545,-2108909.45429453,"DES",0,0
"10/10/2006",2006,10,10,418231.21052973,-2094522.69262873,"DES",0,0
"12/10/2006",2006,10,12,534679.960817956,-2096316.87506522,"DES",1,1
"12/10/2006",2006,10,12,665603.83310165,-2036975.64596555,"DES",0,0
"12/10/2006",2006,10,12,495890.815992092,-2138132.56392817,"DES",0,0
"16/10/2006",2006,10,16,565243.862753948,-2077321.25905953,"MIS",1,1
"16/10/2006",2006,10,16,468442.162337292,-2163309.39684332,"MIS",0,0
"16/10/2006",2006,10,16,714810.565873061,-2075939.79214375,"MIS",0,0
"07/11/2006",2006,11,7,694538.602560968,-2050324.76826156,"Unk",1,1
"07/11/2006",2006,11,7,711434.680124963,-2086133.43576404,"Unk",1,1
"07/11/2006",2006,11,7,506529.600266324,-2097537.94067411,"MIS",1,1
"07/11/2006",2006,11,7,586270.529245703,-2063351.37568618,"Unk",0,0
"07/11/2006",2006,11,7,501916.130209,-2141279.66804257,"Unk",0,0
"07/11/2006",2006,11,7,669955.448924972,-2104263.72917328,"MIS",0,0
"07/11/2006",2006,11,7,723848.537198422,-2037724.95646898,"Unk",0,0
"07/11/2006",2006,11,7,708115.772298719,-2159263.12012481,"Unk",0,0
"07/11/2006",2006,11,7,511958.320570512,-2125544.1474706,"MIS",0,0
"20/02/2007",2007,2,20,532499.998448981,-2097499.94226546,"ANS",1,1
"20/02/2007",2007,2,20,632464.60490866,-2162260.36213852,"ANS",0,0
"20/02/2007",2007,2,20,679328.15992905,-2164658.15574948,"ANS",0,0
"16/04/2007",2007,4,16,558623.040265234,-2103508.40013794,"OA",1,1
"16/04/2007",2007,4,16,472124.29880318,-2137233.39132406,"OA",0,0
"16/04/2007",2007,4,16,716149.524587929,-2133187.11460556,"OA",0,0
"03/05/2007",2007,5,3,516351.247426499,-2098892.79490555,"ANS",1,1
"03/05/2007",2007,5,3,510619.361855644,-2143377.73745216,"ANS",0,0
"03/05/2007",2007,5,3,573550.421454454,-2066348.61769988,"ANS",0,0
"07/06/2007",2007,6,7,674702.53681877,-2102777.17070641,"Unk",1,1
"07/06/2007",2007,6,7,610706.52579205,-2027384.47152169,"Unk",0,0
"07/06/2007",2007,6,7,443001.946754794,-2093173.93372256,"Unk",0,0
"21/08/2007",2007,8,21,551753.508941563,-2118683.88094665,"Unk",1,1
"21/08/2007",2007,8,21,738577.083061973,-2113705.04151646,"Unk",0,0
"21/08/2007",2007,8,21,732551.768845066,-2097519.93464244,"Unk",0,0
"24/08/2007",2007,8,24,507790.163804527,-2086792.39508737,"Unk",1,1
"24/08/2007",2007,8,24,591961.103783893,-2030831.29983745,"Unk",0,0
"24/08/2007",2007,8,24,575893.599205474,-2058256.06426287,"Unk",0,0
"28/08/2007",2007,8,28,453689.951227377,-2105615.68845687,"OA",1,1
"28/08/2007",2007,8,28,599325.376715669,-2153868.08450014,"OA",0,0
"28/08/2007",2007,8,28,478819.092377521,-2075040.61953964,"OA",0,0
"31/08/2007",2007,8,31,696725.83750947,-2051105.56999262,"Unk",1,1
"31/08/2007",2007,8,31,692695.759728877,-2049618.56846869,"Unk",1,1
"31/08/2007",2007,8,31,701578.65621334,-2051822.8454389,"Unk",1,1
"31/08/2007",2007,8,31,702804.391930663,-2054113.09131809,"Unk",1,1
"31/08/2007",2007,8,31,599994.856073103,-2044618.61310051,"Unk",0,0
"31/08/2007",2007,8,31,640498.357197869,-2160162.29272892,"Unk",0,0
"31/08/2007",2007,8,31,702425.197760529,-2027234.609421,"Unk",0,0
"31/08/2007",2007,8,31,591626.364105176,-2041321.64688543,"Unk",0,0
"31/08/2007",2007,8,31,684349.255109807,-2131388.76939733,"Unk",0,0
"31/08/2007",2007,8,31,595643.240249781,-2156715.46441316,"Unk",0,0
"31/08/2007",2007,8,31,690374.569326714,-2120298.97394662,"Unk",0,0
"31/08/2007",2007,8,31,710458.950049739,-2075340.34374101,"Unk",0,0
"01/09/2007",2007,9,1,714075.429443107,-2051849.90357715,"Unk",1,1
"01/09/2007",2007,9,1,719546.342006343,-2052235.60694792,"Unk",1,1
"01/09/2007",2007,9,1,715354.698566036,-2055253.28743902,"Unk",1,1
"01/09/2007",2007,9,1,710425.97083453,-2055091.69726068,"Unk",1,1
"01/09/2007",2007,9,1,705476.113988477,-2059222.17929885,"Unk",1,1
"01/09/2007",2007,9,1,703719.406184394,-2064053.25436184,"Unk",1,1
"01/09/2007",2007,9,1,429947.099284828,-2085381.10448693,"Unk",0,0
"01/09/2007",2007,9,1,486183.365309297,-2063651.09988755,"Unk",0,0
"01/09/2007",2007,9,1,693721.966113885,-2079086.89625814,"Unk",0,0
"01/09/2007",2007,9,1,660247.998242177,-2041021.92268406,"Unk",0,0
"01/09/2007",2007,9,1,668951.229888821,-2099168.41774998,"Unk",0,0
"01/09/2007",2007,9,1,719162.181696383,-2057656.61586013,"Unk",0,0
"01/09/2007",2007,9,1,539072.234546595,-2096321.03783696,"Unk",0,0
"01/09/2007",2007,9,1,673972.325069577,-2136933.66712269,"Unk",0,0
"01/09/2007",2007,9,1,677319.721856748,-2131238.90729665,"Unk",0,0
"01/09/2007",2007,9,1,714475.826194343,-2096920.4862397,"Unk",0,0
"01/09/2007",2007,9,1,466433.724264989,-2064550.27249166,"Unk",0,0
"01/09/2007",2007,9,1,460073.670369365,-2084032.34558076,"Unk",0,0
"02/10/2007",2007,10,2,709779.9944025,-2059749.86430961,"LP",1,1
"02/10/2007",2007,10,2,566186.148522678,-2063800.96198823,"LP",0,0
"02/10/2007",2007,10,2,519322.593502288,-2062901.78938412,"LP",0,0
"05/10/2007",2007,10,5,705476.065930669,-2059226.60707789,"Unk",1,1
"05/10/2007",2007,10,5,705476.113988477,-2059222.17929885,"Unk",1,1
"05/10/2007",2007,10,5,559826.094627054,-2047016.40671147,"Unk",0,0
"05/10/2007",2007,10,5,437980.851574038,-2156265.8781111,"Unk",0,0
"05/10/2007",2007,10,5,610037.046434615,-2129740.28628979,"Unk",0,0
"05/10/2007",2007,10,5,472793.778160614,-2108759.59219384,"Unk",0,0
"22/10/2007",2007,10,22,672682.581705459,-2102158.25599179,"ANS",1,1
"22/10/2007",2007,10,22,576563.078562908,-2137982.70182749,"ANS",0,0
"22/10/2007",2007,10,22,477145.393983936,-2119249.93924182,"ANS",0,0
"16/11/2007",2007,11,16,687600.264534674,-2121633.21832853,"ANS",1,1
"16/11/2007",2007,11,16,625100.331976884,-2116102.83512743,"ANS",0,0
"16/11/2007",2007,11,16,440658.769003774,-2142178.84064668,"ANS",0,0
"05/12/2007",2007,12,5,647499.993800141,-2137499.94190957,"ANS",1,1
"05/12/2007",2007,12,5,715814.784909212,-2037425.23226761,"ANS",0,0
"05/12/2007",2007,12,5,596312.719607215,-2046267.09620805,"ANS",0,0
"10/12/2007",2007,12,10,450672.237672987,-2120167.15143894,"DR",1,1
"10/12/2007",2007,12,10,681671.33768007,-2127192.63057814,"DR",0,0
"10/12/2007",2007,12,10,675311.283784445,-2134835.5977131,"DR",0,0
"08/01/2008",2008,1,8,485306.180986077,-2097012.7180963,"DES",1,1
"08/01/2008",2008,1,8,498903.473100546,-2135435.04611584,"DES",0,0
"08/01/2008",2008,1,8,568529.326273698,-2113405.31731509,"DES",0,0
"27/02/2008",2008,2,27,565626.028371713,-2076230.4599173,"Unk",1,1
"27/02/2008",2008,2,27,679997.639286485,-2132437.80410213,"Unk",0,0
"27/02/2008",2008,2,27,653887.944346552,-2123595.94016169,"Unk",0,0
"25/03/2008",2008,3,25,496841.15371989,-2061623.73554793,"Unk",1,1
"25/03/2008",2008,3,25,684014.515431089,-2046117.23410736,"Unk",0,0
"25/03/2008",2008,3,25,556143.958161166,-2085530.96658761,"Unk",0,0
"12/05/2008",2008,5,12,633435.664603346,-2030998.7135496,"DES",1,1
"12/05/2008",2008,5,12,690039.829647997,-2096470.89993764,"DES",0,0
"12/05/2008",2008,5,12,516979.415751268,-2138582.15023023,"DES",0,0
"24/06/2008",2008,6,24,668073.846013297,-2126144.95578337,"ANP",1,1
"24/06/2008",2008,6,24,515305.717357683,-2096620.76203833,"ANP",0,0
"24/06/2008",2008,6,24,682340.817037504,-2030981.16193814,"ANP",0,0
"05/08/2008",2008,8,5,555641.228671488,-2124496.88466707,"ANP",1,1
"05/08/2008",2008,8,5,514970.977678966,-2126443.32007472,"ANP",0,0
"05/08/2008",2008,8,5,700751.499366943,-2037275.37016692,"ANP",0,0
"24/09/2008",2008,9,24,710637.976964721,-2070165.16103336,"ANP",1,1
"24/09/2008",2008,9,24,591291.624426459,-2050463.23502724,"ANP",0,0
"24/09/2008",2008,9,24,686692.432860826,-2147274.15206998,"ANP",0,0
"13/10/2008",2008,10,13,596348.51484632,-2121091.46497749,"MIS",1,1
"13/10/2008",2008,10,13,513966.758642814,-2140680.21963983,"MIS",0,0
"13/10/2008",2008,10,13,698073.581937207,-2062452.20308206,"MIS",0,0
"15/10/2008",2008,10,15,596723.175921791,-2121826.03572433,"ANP",1,1
"15/10/2008",2008,10,15,727865.413343027,-2109808.62689864,"ANP",0,0
"15/10/2008",2008,10,15,454048.356152458,-2110857.66160344,"ANP",0,0
"17/10/2008",2008,10,17,696143.013790422,-2046592.92424029,"ANP",1,1
"17/10/2008",2008,10,17,655896.382418855,-2128541.38948431,"ANP",0,0
"17/10/2008",2008,10,17,611041.265470767,-2069495.72181428,"ANP",0,0
"19/10/2008",2008,10,19,674797.720479985,-2038004.99778753,"ANS",1,1
"19/10/2008",2008,10,19,648532.109487079,-2151620.15298986,"ANS",0,0
"19/10/2008",2008,10,19,685353.474145958,-2102465.38396506,"ANS",0,0
"21/10/2008",2008,10,21,676574.223367752,-2040124.38504798,"ANP",1,1
"21/10/2008",2008,10,21,602338.033824123,-2123745.80226238,"ANP",0,0
"21/10/2008",2008,10,21,640163.617519152,-2105162.90177739,"ANP",0,0
"25/10/2008",2008,10,25,675199.179603479,-2036817.11631066,"Unk",1,1
"25/10/2008",2008,10,25,443336.686433511,-2070844.48072045,"Unk",0,0
"25/10/2008",2008,10,25,732217.029166349,-2117901.18033565,"Unk",0,0
"28/10/2008",2008,10,28,717591.547967958,-2066117.85627626,"SH",1,1
"28/10/2008",2008,10,28,603342.252860274,-2122696.76755758,"SH",0,0
"28/10/2008",2008,10,28,497564.514385678,-2088678.070702,"SH",0,0
"08/11/2008",2008,11,8,649462.59215183,-2135806.71471872,"Unk",1,1
"08/11/2008",2008,11,8,638155.17944685,-2108010.28169042,"Unk",0,0
"08/11/2008",2008,11,8,635812.00169583,-2106661.52278425,"Unk",0,0
"12/02/2009",2009,2,12,702499.990863012,-2047499.94472018,"SH",1,1
"12/02/2009",2009,2,12,512962.539606663,-2121348.00865141,"SH",0,0
"12/02/2009",2009,2,12,735229.686274802,-2105612.48807945,"SH",0,0
"16/07/2009",2009,7,16,623044.794076696,-2125026.27065314,"ANS",1,1
"16/07/2009",2009,7,16,458065.232297062,-2054509.51174574,"ANS",0,0
"16/07/2009",2009,7,16,476810.654305219,-2076089.65424443,"ANS",0,0
"25/07/2009",2009,7,25,611309.210693368,-2124770.72710573,"ANS",1,1
"25/07/2009",2009,7,25,717153.74362408,-2040272.61218063,"ANS",0,0
"25/07/2009",2009,7,25,593300.062498762,-2154167.80870151,"ANS",0,0
"02/08/2009",2009,8,2,490196.188382111,-2077224.68576078,"Unk",1,1
"02/08/2009",2009,8,2,639159.398483001,-2134086.28720967,"Unk",0,0
"02/08/2009",2009,8,2,548779.68522939,-2110707.79950275,"Unk",0,0
"05/08/2009",2009,8,5,470699.559826792,-2104280.75470873,"Unk",1,1
"05/08/2009",2009,8,5,475197.39847787,-2102895.48730923,"Unk",1,1
"05/08/2009",2009,8,5,439654.549967623,-2117451.59403359,"Unk",0,0
"05/08/2009",2009,8,5,598990.637036952,-2140380.49543845,"Unk",0,0
"05/08/2009",2009,8,5,585266.310209552,-2135135.32191447,"Unk",0,0
"05/08/2009",2009,8,5,705772.594547699,-2100367.31455546,"Unk",0,0
"06/08/2009",2009,8,6,534002.190688831,-2096831.02489027,"DES",1,1
"06/08/2009",2009,8,6,487522.324024165,-2144726.49635833,"DES",0,0
"06/08/2009",2009,8,6,547775.466193239,-2146824.56576793,"DES",0,0
"07/08/2009",2009,8,7,531546.819979058,-2089603.55572373,"Unk",1,1
"07/08/2009",2009,8,7,590956.884747742,-2030381.7135354,"Unk",0,0
"07/08/2009",2009,8,7,616731.840008957,-2118500.62873839,"Unk",0,0
"10/08/2009",2009,8,10,673616.092203866,-2129610.61911287,"Unk",1,1
"10/08/2009",2009,8,10,739581.302098124,-2045967.37200667,"Unk",0,0
"10/08/2009",2009,8,10,621752.935189713,-2156865.32651385,"Unk",0,0
"11/08/2009",2009,8,11,673616.092203866,-2129610.61911287,"Unk",1,1
"11/08/2009",2009,8,11,699412.540652075,-2092574.48531982,"Unk",0,0
"11/08/2009",2009,8,11,474467.476554199,-2106211.93648219,"Unk",0,0
"13/08/2009",2009,8,13,643524.333977544,-2107474.24129316,"Unk",1,1
"13/08/2009",2009,8,13,731547.549808914,-2133936.42510898,"Unk",0,0
"13/08/2009",2009,8,13,448692.521292984,-2116402.5593288,"Unk",0,0
"16/08/2009",2009,8,16,682704.665309884,-2092499.70438853,"Unk",1,1
"16/08/2009",2009,8,16,700529.819306338,-2072841.23582413,"Unk",1,1
"16/08/2009",2009,8,16,577567.297599059,-2143078.01325079,"Unk",0,0
"16/08/2009",2009,8,16,672633.366354709,-2154617.39500356,"Unk",0,0
"16/08/2009",2009,8,16,543089.1106912,-2125094.56116855,"Unk",0,0
"16/08/2009",2009,8,16,431955.53735713,-2155216.84340631,"Unk",0,0
"17/08/2009",2009,8,17,703869.933290923,-2067797.89176416,"Unk",1,1
"17/08/2009",2009,8,17,711097.403126174,-2058981.78480863,"Unk",1,1
"17/08/2009",2009,8,17,692018.851324623,-2055888.33876643,"Unk",1,1
"17/08/2009",2009,8,17,452374.657758872,-2147573.87627135,"Unk",0,0
"17/08/2009",2009,8,17,692048.267720299,-2042820.26789228,"Unk",0,0
"17/08/2009",2009,8,17,584596.830852118,-2061553.03047795,"Unk",0,0
"17/08/2009",2009,8,17,736903.384668388,-2053310.61494026,"Unk",0,0
"17/08/2009",2009,8,17,436641.89285917,-2141879.11644531,"Unk",0,0
"17/08/2009",2009,8,17,522000.510932024,-2123446.07806101,"Unk",0,0
"18/08/2009",2009,8,18,717178.921470561,-2051671.43703664,"Unk",1,1
"18/08/2009",2009,8,18,709997.22896679,-2048314.84544355,"Unk",1,1
"18/08/2009",2009,8,18,695590.532874473,-2060133.70649456,"Unk",1,1
"18/08/2009",2009,8,18,500577.171494131,-2043119.99209365,"Unk",0,0
"18/08/2009",2009,8,18,590287.405390308,-2060204.27157178,"Unk",0,0
"18/08/2009",2009,8,18,474802.216232916,-2062751.92728344,"Unk",0,0
"18/08/2009",2009,8,18,608028.608362313,-2125843.87167197,"Unk",0,0
"18/08/2009",2009,8,18,420574.38828075,-2117002.00773154,"Unk",0,0
"18/08/2009",2009,8,18,448023.04193555,-2125244.42326923,"Unk",0,0
"19/08/2009",2009,8,19,706498.640026303,-2051099.61046762,"Unk",1,1
"19/08/2009",2009,8,19,473463.257518048,-2141129.80594188,"Unk",0,0
"19/08/2009",2009,8,19,725856.975270724,-2057057.16745739,"Unk",0,0
"20/08/2009",2009,8,20,557140.764580774,-2093076.97654009,"Unk",1,1
"20/08/2009",2009,8,20,425595.483461506,-2151470.29088917,"Unk",0,0
"20/08/2009",2009,8,20,675646.023463163,-2094972.27893079,"Unk",0,0
"27/09/2009",2009,9,27,505760.654503637,-2079340.76089903,"DES",1,1
"27/09/2009",2009,9,27,718827.442017665,-2033978.40395185,"DES",0,0
"27/09/2009",2009,9,27,442332.46739736,-2150271.39408369,"DES",0,0
"05/10/2009",2009,10,5,553038.371821943,-2098222.29168698,"DES",1,1
"05/10/2009",2009,10,5,725187.49591329,-2071443.92912319,"DES",0,0
"05/10/2009",2009,10,5,575224.119848039,-2137832.8397268,"DES",0,0
"23/10/2009",2009,10,23,442500.001970252,-2102499.94265049,"LP",1,1
"23/10/2009",2009,10,23,419904.908923316,-2121947.45705415,"LP",0,0
"23/10/2009",2009,10,23,611710.744828201,-2146225.11736518,"LP",0,0
"23/11/2009",2009,11,23,517499.999384285,-2042499.94408702,"MIS",1,1
"23/11/2009",2009,11,23,533046.920329688,-2103514.41866985,"MIS",0,0
"23/11/2009",2009,11,23,508945.663462058,-2076988.82684855,"MIS",0,0
"26/02/2010",2010,2,26,712805.170405756,-2066772.92572479,"ANS",1,1
"26/02/2010",2010,2,26,535390.098080707,-2104863.17757602,"ANS",0,0
"26/02/2010",2010,2,26,543758.590048634,-2101266.48715957,"ANS",0,0
"27/02/2010",2010,2,27,720732.629983605,-2092371.66487059,"Unk",1,1
"27/02/2010",2010,2,27,460408.410048082,-2124045.52646375,"Unk",0,0
"27/02/2010",2010,2,27,671629.147318558,-2043269.85419434,"Unk",0,0
"17/05/2010",2010,5,17,602259.804083346,-2124526.46877861,"OA",1,1
"17/05/2010",2010,5,17,639828.877840435,-2036526.0596635,"OA",0,0
"17/05/2010",2010,5,17,652548.985631684,-2030231.85143471,"OA",0,0
"06/06/2010",2010,6,6,625463.796698967,-2123980.22250285,"ANP",1,1
"06/06/2010",2010,6,6,668281.750531387,-2136334.21871995,"ANP",0,0
"06/06/2010",2010,6,6,730543.330772763,-2067847.23870674,"ANP",0,0
"26/07/2010",2010,7,26,597499.995642731,-2122499.94208369,"ANP",1,1
"26/07/2010",2010,7,26,589283.186354157,-2072343.1017273,"ANP",0,0
"26/07/2010",2010,7,26,660582.737920894,-2105013.03967671,"ANP",0,0
"28/08/2010",2010,8,28,596348.51484632,-2121091.46497749,"ANP",1,1
"28/08/2010",2010,8,28,683679.775752372,-2029182.81672991,"ANP",0,0
"28/08/2010",2010,8,28,495556.076313375,-2145925.39316381,"ANP",0,0
"29/08/2010",2010,8,29,602499.995213179,-2122499.94260761,"Unk",1,1
"29/08/2010",2010,8,29,622499.994668502,-2127499.94139048,"Unk",1,1
"29/08/2010",2010,8,29,532042.701293536,-2043569.57839571,"Unk",0,0
"29/08/2010",2010,8,29,551457.602659127,-2065599.30719646,"Unk",0,0
"29/08/2010",2010,8,29,686022.953503392,-2153418.49819808,"Unk",0,0
"29/08/2010",2010,8,29,595977.979928498,-2124195.38856444,"Unk",0,0
"03/09/2010",2010,9,3,702499.991298034,-2072499.94323547,"Unk",1,1
"03/09/2010",2010,9,3,513297.27928538,-2052561.30443683,"Unk",0,0
"03/09/2010",2010,9,3,651544.766595533,-2124794.83696718,"Unk",0,0
"05/09/2010",2010,9,5,552499.997607821,-2067499.94317244,"Unk",1,1
"05/09/2010",2010,9,5,677499.992605386,-2092499.94347052,"Unk",1,1
"05/09/2010",2010,9,5,661921.696635762,-2155516.56760768,"Unk",0,0
"05/09/2010",2010,9,5,734894.946596085,-2088827.93280269,"Unk",0,0
"05/09/2010",2010,9,5,593969.541856196,-2041471.50898611,"Unk",0,0
"05/09/2010",2010,9,5,554135.520088864,-2035926.61126075,"Unk",0,0
"08/09/2010",2010,9,8,599677.285781698,-2135395.13279592,"ANP",1,1
"08/09/2010",2010,9,8,566520.888201395,-2101416.34926026,"ANP",0,0
"08/09/2010",2010,9,8,712132.648443324,-2032629.64504568,"ANP",0,0
"30/09/2010",2010,9,30,527518.640260922,-2099479.16714154,"LP",1,1
"30/09/2010",2010,9,30,527252.217422828,-2099559.54712722,"ANS",1,1
"30/09/2010",2010,9,30,571876.723060869,-2148023.46257341,"LP",0,0
"30/09/2010",2010,9,30,678993.420250333,-2124644.97486649,"ANS",0,0
"30/09/2010",2010,9,30,575558.859526756,-2083732.62137939,"LP",0,0
"30/09/2010",2010,9,30,607024.389326162,-2053910.063343,"ANS",0,0
"12/10/2010",2010,10,12,555753.335588733,-2102048.87052268,"ANP",1,1
"12/10/2010",2010,10,12,585935.789566986,-2044318.88889914,"ANP",0,0
"12/10/2010",2010,10,12,617066.579687674,-2154467.53290288,"ANP",0,0
"26/11/2010",2010,11,26,642499.994268863,-2117499.94215905,"Unk",1,1
"26/11/2010",2010,11,26,513632.018964097,-2044019.16469776,"Unk",0,0
"26/11/2010",2010,11,26,467103.203622424,-2134685.73561241,"Unk",0,0
"05/12/2010",2010,12,5,592549.575642345,-2117739.83382053,"Unk",1,1
"05/12/2010",2010,12,5,652883.725310401,-2107860.41958973,"Unk",0,0
"05/12/2010",2010,12,5,726861.194306875,-2083882.48348007,"Unk",0,0
"15/12/2010",2010,12,15,565070.04890574,-2077298.52466398,"ANS",1,1
"15/12/2010",2010,12,15,713806.346836909,-2143677.46165353,"ANS",0,0
"15/12/2010",2010,12,15,724852.756234573,-2040422.47428132,"ANS",0,0
"05/01/2011",2011,1,5,487500.000774324,-2097499.94327656,"Unk",1,1
"05/01/2011",2011,1,5,602003.294145406,-2034877.57655596,"Unk",0,0
"05/01/2011",2011,1,5,694726.185150036,-2098568.96934724,"Unk",0,0
"11/01/2011",2011,1,11,592549.575642345,-2117739.83382053,"Unk",1,1
"11/01/2011",2011,1,11,488191.803381599,-2055258.82224917,"Unk",0,0
"11/01/2011",2011,1,11,698743.061294641,-2057506.75375945,"Unk",0,0
"15/06/2011",2011,6,15,442500.001970252,-2102499.94265049,"Unk",1,1
"15/06/2011",2011,6,15,457395.752939628,-2072492.96382798,"Unk",0,0
"15/06/2011",2011,6,15,676984.982178031,-2045517.78570462,"Unk",0,0
"22/08/2011",2011,8,22,557499.997565654,-2132499.94187258,"SH",1,1
"22/08/2011",2011,8,22,569198.805631132,-2057806.47796082,"SH",0,0
"22/08/2011",2011,8,22,600999.075109254,-2150121.531983,"SH",0,0
"26/09/2011",2011,9,26,708898.874240016,-2047444.77296111,"Unk",1,1
"26/09/2011",2011,9,26,647499.993800141,-2137499.94190957,"BUR",1,1
"26/09/2011",2011,9,26,707111.553262568,-2093473.65792394,"Unk",0,0
"26/09/2011",2011,9,26,721170.619768685,-2030681.43773677,"BUR",0,0
"26/09/2011",2011,9,26,597986.418000801,-2130339.73469254,"Unk",0,0
"26/09/2011",2011,9,26,462082.108441667,-2106511.66068356,"BUR",0,0
"27/09/2011",2011,9,27,657499.993027505,-2092499.94272392,"BUR",1,1
"27/09/2011",2011,9,27,662499.992879058,-2102499.94222913,"BUR",1,1
"27/09/2011",2011,9,27,662499.992879058,-2102499.94222913,"BUR",1,1
"27/09/2011",2011,9,27,662499.992879058,-2102499.94222913,"BUR",1,1
"27/09/2011",2011,9,27,662499.992879058,-2102499.94222913,"BUR",1,1
"27/09/2011",2011,9,27,647499.993800141,-2137499.94190957,"BUR",1,1
"27/09/2011",2011,9,27,677499.992605386,-2092499.94347052,"BUR",1,1
"27/09/2011",2011,9,27,649201.588844513,-2098868.69354861,"BUR",0,0
"27/09/2011",2011,9,27,496225.555670809,-2076539.24054649,"BUR",0,0
"27/09/2011",2011,9,27,609702.306755898,-2146075.2552645,"BUR",0,0
"27/09/2011",2011,9,27,432625.016714565,-2135584.90821652,"BUR",0,0
"27/09/2011",2011,9,27,523004.729968175,-2094372.83052805,"BUR",0,0
"27/09/2011",2011,9,27,547105.986835805,-2073242.27433141,"BUR",0,0
"27/09/2011",2011,9,27,647527.890450928,-2131538.63149802,"BUR",0,0
"27/09/2011",2011,9,27,685018.734467241,-2126892.90637677,"BUR",0,0
"27/09/2011",2011,9,27,559156.61526962,-2042370.68159023,"BUR",0,0
"27/09/2011",2011,9,27,722844.31816227,-2071893.51542524,"BUR",0,0
"27/09/2011",2011,9,27,738242.343383256,-2053760.20124231,"BUR",0,0
"27/09/2011",2011,9,27,665269.093422933,-2119399.8013425,"BUR",0,0
"27/09/2011",2011,9,27,501581.390530282,-2138732.01233092,"BUR",0,0
"27/09/2011",2011,9,27,716484.264266646,-2112356.28261029,"BUR",0,0
"28/09/2011",2011,9,28,698728.721520391,-2054655.6018981,"Unk",1,1
"28/09/2011",2011,9,28,699191.733572657,-2062125.19731289,"Unk",1,1
"28/09/2011",2011,9,28,691556.94575312,-2056470.37079026,"Unk",1,1
"28/09/2011",2011,9,28,682611.165013245,-2084403.49268762,"BUR",1,1
"28/09/2011",2011,9,28,614388.662257937,-2031280.88613951,"Unk",0,0
"28/09/2011",2011,9,28,630790.906515074,-2117751.31823496,"Unk",0,0
"28/09/2011",2011,9,28,474132.736875482,-2079386.62045951,"Unk",0,0
"28/09/2011",2011,9,28,450700.959365287,-2158064.22331933,"BUR",0,0
"28/09/2011",2011,9,28,709789.470692304,-2093024.07162188,"Unk",0,0
"28/09/2011",2011,9,28,718492.702338948,-2155666.42970836,"Unk",0,0
"28/09/2011",2011,9,28,704768.375511548,-2059005.3747663,"Unk",0,0
"28/09/2011",2011,9,28,500911.911172848,-2118950.21504045,"BUR",0,0
"29/09/2011",2011,9,29,712823.305457172,-2066755.41629658,"Unk",1,1
"29/09/2011",2011,9,29,709752.568911068,-2065833.10887749,"Unk",1,1
"29/09/2011",2011,9,29,695874.650662186,-2073519.47230815,"Unk",1,1
"29/09/2011",2011,9,29,606354.909968728,-2122097.31915484,"Unk",0,0
"29/09/2011",2011,9,29,633134.084266094,-2137682.97762612,"Unk",0,0
"29/09/2011",2011,9,29,478149.613020087,-2109059.31639521,"Unk",0,0
"29/09/2011",2011,9,29,666273.312459084,-2042520.54369091,"Unk",0,0
"29/09/2011",2011,9,29,615058.141615372,-2050912.82132929,"Unk",0,0
"29/09/2011",2011,9,29,552127.082016561,-2114154.62781852,"Unk",0,0
"10/10/2011",2011,10,10,464377.368031621,-2119041.61991079,"Unk",1,1
"10/10/2011",2011,10,10,465239.965322983,-2118689.20020859,"Unk",1,1
"10/10/2011",2011,10,10,448357.781614267,-2149072.49727821,"Unk",0,0
"10/10/2011",2011,10,10,428273.400891243,-2129590.42418911,"Unk",0,0
"10/10/2011",2011,10,10,563508.231092942,-2083283.03507733,"Unk",0,0
"10/10/2011",2011,10,10,545767.028120937,-2051362.40763135,"Unk",0,0
"12/10/2011",2011,10,12,504291.121434268,-2100469.4499821,"Unk",1,1
"12/10/2011",2011,10,12,464425.286192687,-2158663.67172207,"Unk",0,0
"12/10/2011",2011,10,12,730208.591094046,-2086879.72549378,"Unk",0,0
"13/10/2011",2011,10,13,549664.115882249,-2122573.11935683,"Unk",1,1
"13/10/2011",2011,10,13,552936.187923848,-2097140.93236105,"Unk",1,1
"13/10/2011",2011,10,13,721840.099126119,-2052711.16653752,"Unk",0,0
"13/10/2011",2011,10,13,729539.111736612,-2104713.31547534,"Unk",0,0
"13/10/2011",2011,10,13,602672.77350284,-2142478.56484805,"Unk",0,0
"13/10/2011",2011,10,13,455722.054546043,-2115203.66252331,"Unk",0,0
"18/10/2011",2011,10,18,494030.844388025,-2073139.16238755,"Unk",1,1
"18/10/2011",2011,10,18,645184.712699909,-2036226.33546213,"Unk",0,0
"18/10/2011",2011,10,18,550788.123301693,-2129290.69998774,"Unk",0,0
"09/11/2011",2011,11,9,565158.717436702,-2077257.8914681,"ANS",1,1
"09/11/2011",2011,11,9,444006.165790945,-2099318.27985066,"ANS",0,0
"09/11/2011",2011,11,9,583592.611815966,-2094073.10632668,"ANS",0,0
"01/02/2012",2012,2,1,674436.17030841,-2099096.6202534,"Unk",1,1
"01/02/2012",2012,2,1,497229.77470696,-2134985.45981378,"Unk",0,0
"01/02/2012",2012,2,1,702759.937439246,-2098269.24514587,"Unk",0,0
"03/03/2012",2012,3,3,701126.06253662,-2046279.98766158,"Unk",1,1
"03/03/2012",2012,3,3,462416.848120384,-2080585.51726499,"Unk",0,0
"03/03/2012",2012,3,3,506937.225389756,-2121048.28445004,"Unk",0,0
"06/03/2012",2012,3,6,704252.007316661,-2045316.66199611,"Unk",1,1
"06/03/2012",2012,3,6,700416.759688226,-2148173.32467409,"Unk",0,0
"06/03/2012",2012,3,6,430616.578642262,-2089427.38120543,"Unk",0,0
"23/05/2012",2012,5,23,696233.517937074,-2042671.41441477,"SH",1,1
"23/05/2012",2012,5,23,696233.517937074,-2042671.41441477,"SH",1,1
"23/05/2012",2012,5,23,538068.015510444,-2093623.52002462,"SH",0,0
"23/05/2012",2012,5,23,694056.705792602,-2090176.69170886,"SH",0,0
"23/05/2012",2012,5,23,465429.505228838,-2127792.07898088,"SH",0,0
"23/05/2012",2012,5,23,517648.895108702,-2139781.04703571,"SH",0,0
"04/08/2012",2012,8,4,705391.350302445,-2082158.34341,"Unk",1,1
"04/08/2012",2012,8,4,610371.786113332,-2130189.87259185,"Unk",0,0
"04/08/2012",2012,8,4,563173.491414225,-2125394.28536992,"Unk",0,0
"10/08/2012",2012,8,10,505400.175721513,-2101503.19103253,"Unk",1,1
"10/08/2012",2012,8,10,596647.459285932,-2070095.17021702,"Unk",0,0
"10/08/2012",2012,8,10,651210.026916816,-2139031.73653229,"Unk",0,0
"11/08/2012",2012,8,11,706478.410034975,-2050531.46283267,"Unk",1,1
"11/08/2012",2012,8,11,681336.598001353,-2027534.33362237,"Unk",0,0
"11/08/2012",2012,8,11,705103.115190265,-2058855.51266562,"Unk",0,0
"15/08/2012",2012,8,15,461065.50087593,-2085665.15949288,"Unk",1,1
"15/08/2012",2012,8,15,436976.632537887,-2095421.86523285,"Unk",0,0
"15/08/2012",2012,8,15,481831.749485975,-2110557.93740207,"Unk",0,0
"09/09/2012",2012,9,9,604616.59218,-2119176.10013675,"ANS",1,1
"09/09/2012",2012,9,9,664934.353744216,-2037874.81856966,"ANS",0,0
"09/09/2012",2012,9,9,667277.531495236,-2151170.5666878,"ANS",0,0
"22/10/2012",2012,10,22,603935.274776496,-2053763.58840414,"Unk",1,1
"22/10/2012",2012,10,22,657904.820491157,-2050013.64872518,"Unk",0,0
"22/10/2012",2012,10,22,546101.767799654,-2086130.41499035,"Unk",0,0
"08/12/2012",2012,12,8,687929.981489992,-2121545.4859164,"Unk",1,1
"08/12/2012",2012,12,8,479153.832056238,-2095871.4515349,"Unk",0,0
"08/12/2012",2012,12,8,605685.430611293,-2126293.45797403,"Unk",0,0
"18/02/2013",2013,2,18,553569.111995565,-2098887.72852902,"ANS",1,1
"18/02/2013",2013,2,18,530703.742578668,-2066198.7555992,"ANS",0,0
"18/02/2013",2013,2,18,606020.170290011,-2053160.75283957,"ANS",0,0
"12/03/2013",2013,3,12,647512.998130683,-2133750.77609816,"ANS",1,1
"12/03/2013",2013,3,12,659243.779206026,-2054059.92544368,"ANS",0,0
"12/03/2013",2013,3,12,632799.344587377,-2146674.70366724,"ANS",0,0
"15/03/2013",2013,3,15,699191.733572657,-2062125.19731289,"Unk",1,1
"15/03/2013",2013,3,15,691556.94575312,-2056470.37079026,"Unk",1,1
"15/03/2013",2013,3,15,644180.493663757,-2131688.4935987,"Unk",0,0
"15/03/2013",2013,3,15,695060.924828753,-2073991.58483484,"Unk",0,0
"15/03/2013",2013,3,15,539406.974225312,-2112656.00681166,"Unk",0,0
"15/03/2013",2013,3,15,499907.692136697,-2050613.09712792,"Unk",0,0
"05/09/2013",2013,9,5,604958.104587366,-2120013.25158825,"ANS",1,1
"05/09/2013",2013,9,5,727195.933985592,-2122546.9054569,"ANS",0,0
"05/09/2013",2013,9,5,629117.208121489,-2143527.59955285,"ANS",0,0
"03/10/2013",2013,10,3,450597.803510249,-2120169.8968109,"ANS",1,1
"03/10/2013",2013,10,3,733555.987881217,-2056307.85695396,"ANS",0,0
"03/10/2013",2013,10,3,492878.158883638,-2078937.03415745,"ANS",0,0
"10/11/2013",2013,11,10,485229.23349729,-2097152.85919473,"ANS",1,1
"10/11/2013",2013,11,10,576228.338884191,-2136184.35661926,"ANS",0,0
"10/11/2013",2013,11,10,484509.666915712,-2101566.21136094,"ANS",0,0
"22/07/2014",2014,7,22,594932.429908196,-2119637.26052448,"SH",1,1
"22/07/2014",2014,7,22,719496.9213751,-2144276.91005627,"SH",0,0
"22/07/2014",2014,7,22,665938.572780367,-2115053.80042263,"SH",0,0
"27/08/2014",2014,8,27,706486.388398641,-2045412.46324698,"Unk",1,1
"27/08/2014",2014,8,27,587274.748281854,-2094822.4168301,"Unk",0,0
"27/08/2014",2014,8,27,699077.800973358,-2147124.2899693,"Unk",0,0
"30/08/2014",2014,8,30,672399.421761713,-2106261.79440846,"Unk",1,1
"30/08/2014",2014,8,30,695395.66450747,-2076689.10264717,"Unk",0,0
"30/08/2014",2014,8,30,514636.238000248,-2060354.13367247,"Unk",0,0
"12/09/2014",2014,9,12,642259.760928342,-2115861.738092,"Unk",1,1
"12/09/2014",2014,9,12,583257.872137249,-2075490.20584169,"Unk",0,0
"12/09/2014",2014,9,12,583927.351494683,-2073541.99853278,"Unk",0,0
"17/10/2014",2014,10,17,633628.412759767,-2105135.54226261,"Unk",1,1
"17/10/2014",2014,10,17,543423.850369917,-2123146.35385964,"Unk",0,0
"17/10/2014",2014,10,17,723513.797519705,-2122996.49175895,"Unk",0,0
"14/12/2014",2014,12,14,709797.858554433,-2059690.38947091,"ANS",1,1
"14/12/2014",2014,12,14,509615.142819492,-2114754.07622126,"ANS",0,0
"14/12/2014",2014,12,14,643845.75398504,-2026185.57471621,"ANS",0,0
"27/12/2014",2014,12,27,581886.304315972,-2077303.56869964,"Unk",1,1
"27/12/2014",2014,12,27,465764.244907555,-2085081.38028555,"Unk",0,0
"27/12/2014",2014,12,27,570537.764346,-2079836.20676157,"Unk",0,0
"17/02/2015",2015,2,17,599280.962627211,-2136012.70015844,"ANS",1,1
"17/02/2015",2015,2,17,592295.84346261,-2058106.20216219,"ANS",0,0
"17/02/2015",2015,2,17,605350.690932576,-2114304.4899192,"ANS",0,0
"15/03/2015",2015,3,15,709824.737383862,-2060093.56234541,"Unk",1,1
"15/03/2015",2015,3,15,551122.86298041,-2079686.34466088,"Unk",0,0
"15/03/2015",2015,3,15,548444.945550673,-2146374.97946587,"Unk",0,0
"17/03/2015",2015,3,17,486120.026177113,-2070190.22716293,"Unk",1,1
"17/03/2015",2015,3,17,519992.072859722,-2087329.31179584,"Unk",0,0
"17/03/2015",2015,3,17,624765.592298167,-2152519.32559397,"Unk",0,0
"20/05/2015",2015,5,20,701752.909986854,-2077000.29990747,"Unk",1,1
"20/05/2015",2015,5,20,686572.847535927,-2076066.06788106,"Unk",1,1
"20/05/2015",2015,5,20,648866.849165796,-2047915.57931558,"Unk",0,0
"20/05/2015",2015,5,20,605015.951253859,-2129440.56208842,"Unk",0,0
"20/05/2015",2015,5,20,560160.834305771,-2114604.21412057,"Unk",0,0
"20/05/2015",2015,5,20,445010.384827096,-2134386.01141104,"Unk",0,0
"30/05/2015",2015,5,30,543755.54999609,-2068175.72713256,"DIS",1,1
"30/05/2015",2015,5,30,558152.396233469,-2049863.78662449,"DIS",0,0
"30/05/2015",2015,5,30,569868.284988566,-2049264.33822175,"DIS",0,0
"05/06/2015",2015,6,5,698859.482096158,-2056160.2080643,"Unk",1,1
"05/06/2015",2015,6,5,468776.902016009,-2143977.1858549,"Unk",0,0
"05/06/2015",2015,6,5,467772.682979858,-2055408.68434985,"Unk",0,0
"22/06/2015",2015,6,22,654698.606087884,-2105689.59599287,"DIS",1,1
"22/06/2015",2015,6,22,708450.511977436,-2115803.11092605,"DIS",0,0
"22/06/2015",2015,6,22,491539.20016877,-2058405.92636356,"DIS",0,0
"22/10/2015",2015,10,22,527337.220409953,-2099519.17484555,"ANS",1,1
"22/10/2015",2015,10,22,588278.967318005,-2147424.01417067,"ANS",0,0
"22/10/2015",2015,10,22,654222.68402527,-2157764.49911796,"ANS",0,0
"06/11/2015",2015,11,6,552883.763420897,-2071912.40328592,"ANS",1,1
"06/11/2015",2015,11,6,713136.867479475,-2143827.32375422,"ANS",0,0
"06/11/2015",2015,11,6,667612.271173953,-2149222.35937889,"ANS",0,0
"14/11/2015",2015,11,14,534546.513827416,-2097310.919817,"ANS",1,1
"14/11/2015",2015,11,14,557148.177197317,-2055108.96014848,"ANS",0,0
"14/11/2015",2015,11,14,734560.206917368,-2130489.59679322,"ANS",0,0
"15/11/2015",2015,11,15,653099.630603272,-2097484.02885171,"Unk",1,1
"15/11/2015",2015,11,15,542419.631333766,-2082383.86247322,"Unk",0,0
"15/11/2015",2015,11,15,720501.140411251,-2075190.48164032,"Unk",0,0
"22/11/2015",2015,11,22,565533.507572725,-2076376.52867361,"Unk",1,1
"22/11/2015",2015,11,22,683010.296394938,-2095122.14103147,"Unk",0,0
"22/11/2015",2015,11,22,454383.095831175,-2125694.00957129,"Unk",0,0
"05/02/2016",2016,2,5,662965.982692534,-2058516.32849187,"OA",1,1
"05/02/2016",2016,2,5,694649.930967797,-2058720.3190221,"Unk",1,1
"05/02/2016",2016,2,5,708793.895555893,-2046904.4728174,"Unk",1,1
"05/02/2016",2016,2,5,702362.302304083,-2059623.71216948,"ANS",1,1
"05/02/2016",2016,2,5,504928.787317453,-2084481.93188281,"OA",0,0
"05/02/2016",2016,2,5,574219.900811888,-2035027.43865664,"Unk",0,0
"05/02/2016",2016,2,5,669285.969567538,-2142628.42694874,"Unk",0,0
"05/02/2016",2016,2,5,422248.086674335,-2106062.07438151,"ANS",0,0
"05/02/2016",2016,2,5,549114.424908107,-2043869.30259708,"OA",0,0
"05/02/2016",2016,2,5,697069.362901055,-2074291.30903621,"Unk",0,0
"05/02/2016",2016,2,5,465094.765550121,-2116702.28353017,"Unk",0,0
"05/02/2016",2016,2,5,578571.51663521,-2063950.82408892,"ANS",0,0
"04/07/2016",2016,7,4,595681.302853072,-2125827.72089606,"ANS",1,1
"04/07/2016",2016,7,4,697404.102579772,-2067547.51450537,"ANS",0,0
"04/07/2016",2016,7,4,535724.837759424,-2135285.18401515,"ANS",0,0
"10/07/2016",2016,7,10,527309.535303875,-2099377.72488919,"ANP",1,1
"10/07/2016",2016,7,10,553190.536038519,-2098571.83401718,"Unk",1,1
"10/07/2016",2016,7,10,693052.48675645,-2084931.51818487,"ANP",0,0
"10/07/2016",2016,7,10,424926.004104072,-2109658.76479795,"Unk",0,0
"10/07/2016",2016,7,10,551792.342337844,-2074740.89533826,"ANP",0,0
"10/07/2016",2016,7,10,621418.195510996,-2102315.52186437,"Unk",0,0
"14/07/2016",2016,7,14,565094.717157211,-2099796.56445548,"ANS",1,1
"14/07/2016",2016,7,14,522669.990289458,-2105762.35018014,"ANS",0,0
"14/07/2016",2016,7,14,672298.626675992,-2037125.50806624,"ANS",0,0
"19/07/2016",2016,7,19,692693.434610936,-2090446.17924542,"Unk",1,1
"19/07/2016",2016,7,19,478484.352698804,-2113555.17941577,"Unk",0,0
"19/07/2016",2016,7,19,480827.530449824,-2070544.75651907,"Unk",0,0
"08/08/2016",2016,8,8,700383.854607689,-2070701.95047202,"Unk",1,1
"08/08/2016",2016,8,8,685688.213824675,-2048515.02771833,"Unk",0,0
"08/08/2016",2016,8,8,673637.58539086,-2028583.36832717,"Unk",0,0
"19/08/2016",2016,8,19,706551.546438701,-2080772.39804667,"SH",1,1
"19/08/2016",2016,8,19,658909.039527309,-2132287.94200144,"SH",0,0
"19/08/2016",2016,8,19,454717.835509892,-2081634.55196979,"SH",0,0
"03/09/2016",2016,9,3,649218.092035653,-2100124.26569356,"ANP",1,1
"03/09/2016",2016,9,3,664264.874386782,-2148622.91097615,"ANP",0,0
"03/09/2016",2016,9,3,580914.69438623,-2110108.35110001,"ANP",0,0
"06/09/2016",2016,9,6,654088.850879163,-2104904.39711781,"ANS",1,1
"06/09/2016",2016,9,6,722174.838804836,-2114903.93832194,"ANS",0,0
"06/09/2016",2016,9,6,626439.290691752,-2124345.25066512,"ANS",0,0
"19/09/2016",2016,9,19,607233.486871578,-2119210.12888845,"ANS",1,1
"19/09/2016",2016,9,19,487187.584345448,-2103814.14287123,"ANS",0,0
"19/09/2016",2016,9,19,459069.451333214,-2076239.51634512,"ANS",0,0
"22/09/2016",2016,9,22,602499.995413122,-2117499.94238962,"ANS",1,1
"22/09/2016",2016,9,22,595308.500571064,-2026785.02311895,"ANS",0,0
"22/09/2016",2016,9,22,553466.040731429,-2056157.99485328,"ANS",0,0
"30/09/2016",2016,9,30,598757.242700742,-2130579.67791192,"Unk",1,1
"30/09/2016",2016,9,30,586940.008603137,-2048664.88981901,"Unk",0,0
"30/09/2016",2016,9,30,554804.999446298,-2049114.47612107,"Unk",0,0
"17/10/2016",2016,10,17,553051.69481751,-2098201.63790173,"ANS",1,1
"17/10/2016",2016,10,17,490534.981132619,-2145775.53106313,"ANS",0,0
"17/10/2016",2016,10,17,628112.989085338,-2107111.1090863,"ANS",0,0
"22/10/2016",2016,10,22,552750.336284316,-2071976.31548057,"ANS",1,1
"22/10/2016",2016,10,22,709454.731013587,-2049414.20032244,"ANS",0,0
"22/10/2016",2016,10,22,565181.929486527,-2124495.11276581,"ANS",0,0
"08/11/2016",2016,11,8,482500.000353524,-2097499.9424042,"Unk",1,1
"08/11/2016",2016,11,8,703764.156475397,-2029032.95462923,"Unk",0,0
"08/11/2016",2016,11,8,471454.819445746,-2154917.11920494,"Unk",0,0
"22/11/2016",2016,11,22,604785.601062559,-2121493.09719172,"ANS",1,1
"22/11/2016",2016,11,22,483505.44787956,-2103664.28077054,"ANS",0,0
"22/11/2016",2016,11,22,682006.077358787,-2093323.79582325,"ANS",0,0
"24/03/2017",2017,3,24,709414.689843302,-2058518.04504451,"Unk",1,1
"24/03/2017",2017,3,24,679370.567037184,-2089195.09783212,"Unk",1,1
"24/03/2017",2017,3,24,642172.055591455,-2100217.45245478,"Unk",0,0
"24/03/2017",2017,3,24,615727.620972806,-2041171.78478474,"Unk",0,0
"24/03/2017",2017,3,24,467437.943301141,-2112506.14471098,"Unk",0,0
"24/03/2017",2017,3,24,666942.791816519,-2104113.8670726,"Unk",0,0
